{
  "label": "after",
  "commit": "e7547ff",
  "node": "v26.1.0",
  "targets": {
    "cache": {
      "set": {
        "n": 100000,
        "meanMs": 0.004001480000000044,
        "medianMs": 0.0027999999999792635,
        "minMs": 0.0019999999999527063,
        "p95Ms": 0.008600000000001273,
        "opsPerSec": 249907.53421233868
      },
      "getHit": {
        "n": 100000,
        "meanMs": 0.0028486089999999534,
        "medianMs": 0.0027000000000043656,
        "minMs": 0.002199999999902502,
        "p95Ms": 0.003400000000056025,
        "opsPerSec": 351048.5292997447
      },
      "getMiss": {
        "n": 100000,
        "meanMs": 0.0011373489999998584,
        "medianMs": 0.0009999999999763531,
        "minMs": 0.0004999999998744897,
        "p95Ms": 0.0016000000000531145,
        "opsPerSec": 879237.5954963028
      },
      "remove": {
        "n": 100000,
        "meanMs": 0.03246284800000001,
        "medianMs": 0.027700000000095315,
        "minMs": 0.001299999999901047,
        "p95Ms": 0.07780000000002474,
        "opsPerSec": 30804.44451454166
      },
      "flush": {
        "n": 200,
        "meanMs": 0.5250724999999966,
        "medianMs": 0.4712999999992462,
        "minMs": 0.39830000000074506,
        "p95Ms": 0.8125,
        "opsPerSec": 1904.4989025325197
      },
      "flushBigCache": {
        "n": 200,
        "meanMs": 0.01523650000001453,
        "medianMs": 0.014000000000123691,
        "minMs": 0.01269999999931315,
        "p95Ms": 0.0239000000001397,
        "opsPerSec": 65631.8708364156
      }
    },
    "postgres": {
      "set": {
        "n": 3000,
        "meanMs": 0.869525499999987,
        "medianMs": 0.826799999999821,
        "minMs": 0.7458000000005995,
        "p95Ms": 1.1912999999995009,
        "opsPerSec": 1150.0525286492632
      },
      "get": {
        "n": 3000,
        "meanMs": 0.32431173333332297,
        "medianMs": 0.3118000000013126,
        "minMs": 0.27269999999953143,
        "p95Ms": 0.3896999999997206,
        "opsPerSec": 3083.453039832556
      },
      "findKeys": {
        "n": 200,
        "meanMs": 1.272729999999965,
        "medianMs": 1.1409999999996217,
        "minMs": 1.0712000000003172,
        "p95Ms": 1.7309000000004744,
        "opsPerSec": 785.7126020444458
      },
      "doBulk": {
        "n": 200,
        "meanMs": 2.5927709999999298,
        "medianMs": 2.51050000000032,
        "minMs": 2.364800000001196,
        "p95Ms": 2.8628000000007887,
        "opsPerSec": 385.68774488762296
      },
      "remove": {
        "n": 3000,
        "meanMs": 0.8845590333333293,
        "medianMs": 0.8197000000000116,
        "minMs": 0.738100000000486,
        "p95Ms": 1.2777999999998428,
        "opsPerSec": 1130.5067975301192
      }
    },
    "mongodb": {
      "set": {
        "n": 3000,
        "meanMs": 0.452896199999995,
        "medianMs": 0.4337999999988824,
        "minMs": 0.38429999999971187,
        "p95Ms": 0.5402999999987514,
        "opsPerSec": 2208.011460462709
      },
      "get": {
        "n": 3000,
        "meanMs": 0.4310754666666647,
        "medianMs": 0.4153999999998632,
        "minMs": 0.34659999999894353,
        "p95Ms": 0.5136999999995169,
        "opsPerSec": 2319.7794291858054
      },
      "findKeys": {
        "n": 200,
        "meanMs": 8.088904499999881,
        "medianMs": 7.910400000000664,
        "minMs": 7.481899999998859,
        "p95Ms": 9.115999999998166,
        "opsPerSec": 123.62613503472747
      },
      "doBulk": {
        "n": 200,
        "meanMs": 3.411079999999929,
        "medianMs": 3.363099999998667,
        "minMs": 3.1041000000004715,
        "p95Ms": 3.843800000002375,
        "opsPerSec": 293.1622829133356
      },
      "remove": {
        "n": 3000,
        "meanMs": 0.4118841999999871,
        "medianMs": 0.3978000000024622,
        "minMs": 0.3532999999988533,
        "p95Ms": 0.47850000000107684,
        "opsPerSec": 2427.866861608266
      }
    }
  }
}