{
  "label": "before",
  "commit": "809bcc2",
  "node": "v26.1.0",
  "targets": {
    "cache": {
      "set": {
        "n": 100000,
        "meanMs": 0.003855250999999973,
        "medianMs": 0.0026000000000294676,
        "minMs": 0.0018999999999778083,
        "p95Ms": 0.008299999999991314,
        "opsPerSec": 259386.48352597715
      },
      "getHit": {
        "n": 100000,
        "meanMs": 0.0012016639999998017,
        "medianMs": 0.001099999999951251,
        "minMs": 0.0005999999999630745,
        "p95Ms": 0.0016999999999143256,
        "opsPerSec": 832179.3779294088
      },
      "getMiss": {
        "n": 100000,
        "meanMs": 0.0010650120000001834,
        "medianMs": 0.0009999999999763531,
        "minMs": 0.0004999999998744897,
        "p95Ms": 0.0014000000001033186,
        "opsPerSec": 938956.5563578887
      },
      "remove": {
        "n": 100000,
        "meanMs": 0.03277198199999947,
        "medianMs": 0.028999999999996362,
        "minMs": 0.00120000000060827,
        "p95Ms": 0.07089999999971042,
        "opsPerSec": 30513.87004911745
      },
      "flush": {
        "n": 200,
        "meanMs": 0.5940374999999994,
        "medianMs": 0.5225000000000364,
        "minMs": 0.42879999999968277,
        "p95Ms": 0.9717000000000553,
        "opsPerSec": 1683.3954085390249
      },
      "flushBigCache": {
        "n": 200,
        "meanMs": 0.2832344999999668,
        "medianMs": 0.29619999999977153,
        "minMs": 0.20380000000022847,
        "p95Ms": 0.35459999999966385,
        "opsPerSec": 3530.643336175915
      }
    },
    "postgres": {
      "set": {
        "n": 3000,
        "meanMs": 0.905272733333329,
        "medianMs": 0.8703000000004977,
        "minMs": 0.792899999999463,
        "p95Ms": 1.1286000000000058,
        "opsPerSec": 1104.639478445212
      },
      "get": {
        "n": 3000,
        "meanMs": 0.39245086666665946,
        "medianMs": 0.3852999999999156,
        "minMs": 0.34350000000085856,
        "p95Ms": 0.44870000000082655,
        "opsPerSec": 2548.0896716922825
      },
      "findKeys": {
        "n": 200,
        "meanMs": 1.2236340000000654,
        "medianMs": 1.1445999999996275,
        "minMs": 1.0773000000008324,
        "p95Ms": 1.6697999999996682,
        "opsPerSec": 817.2378341889377
      },
      "doBulk": {
        "n": 200,
        "meanMs": 9.022675500000114,
        "medianMs": 9.005699999999706,
        "minMs": 8.307699999999386,
        "p95Ms": 9.763500000000931,
        "opsPerSec": 110.83187021410527
      },
      "remove": {
        "n": 3000,
        "meanMs": 0.9012249999999992,
        "medianMs": 0.8639000000002852,
        "minMs": 0.7890000000006694,
        "p95Ms": 1.1265999999995984,
        "opsPerSec": 1109.6008211046087
      }
    },
    "mongodb": {
      "set": {
        "n": 3000,
        "meanMs": 0.44898566666667467,
        "medianMs": 0.4327999999986787,
        "minMs": 0.3734999999996944,
        "p95Ms": 0.5450000000000728,
        "opsPerSec": 2227.2425920054957
      },
      "get": {
        "n": 3000,
        "meanMs": 0.4246544666666899,
        "medianMs": 0.40940000000045984,
        "minMs": 0.36719999999695574,
        "p95Ms": 0.5070000000014261,
        "opsPerSec": 2354.8557203447413
      },
      "findKeys": {
        "n": 200,
        "meanMs": 8.279794999999995,
        "medianMs": 8.164600000000064,
        "minMs": 7.683400000001711,
        "p95Ms": 9.428200000002107,
        "opsPerSec": 120.77593708539894
      },
      "doBulk": {
        "n": 200,
        "meanMs": 3.388977499999983,
        "medianMs": 3.3369999999995343,
        "minMs": 3.1022999999986496,
        "p95Ms": 3.7206999999980326,
        "opsPerSec": 295.07425174702547
      },
      "remove": {
        "n": 3000,
        "meanMs": 0.3981906666666679,
        "medianMs": 0.3842000000004191,
        "minMs": 0.35599999999976717,
        "p95Ms": 0.47140000000217697,
        "opsPerSec": 2511.3597171204337
      }
    }
  }
}