{
  "before": {
    "label": "before",
    "commit": "809bcc2",
    "node": "v26.1.0",
    "targets": {
      "cache": {
        "set": {
          "n": 100000,
          "meanMs": 0.003855250999999973,
          "medianMs": 0.0026000000000294676,
          "minMs": 0.0018999999999778083,
          "p95Ms": 0.008299999999991314,
          "opsPerSec": 259386.48352597715
        },
        "getHit": {
          "n": 100000,
          "meanMs": 0.0012016639999998017,
          "medianMs": 0.001099999999951251,
          "minMs": 0.0005999999999630745,
          "p95Ms": 0.0016999999999143256,
          "opsPerSec": 832179.3779294088
        },
        "getMiss": {
          "n": 100000,
          "meanMs": 0.0010650120000001834,
          "medianMs": 0.0009999999999763531,
          "minMs": 0.0004999999998744897,
          "p95Ms": 0.0014000000001033186,
          "opsPerSec": 938956.5563578887
        },
        "remove": {
          "n": 100000,
          "meanMs": 0.03277198199999947,
          "medianMs": 0.028999999999996362,
          "minMs": 0.00120000000060827,
          "p95Ms": 0.07089999999971042,
          "opsPerSec": 30513.87004911745
        },
        "flush": {
          "n": 200,
          "meanMs": 0.5940374999999994,
          "medianMs": 0.5225000000000364,
          "minMs": 0.42879999999968277,
          "p95Ms": 0.9717000000000553,
          "opsPerSec": 1683.3954085390249
        },
        "flushBigCache": {
          "n": 200,
          "meanMs": 0.2832344999999668,
          "medianMs": 0.29619999999977153,
          "minMs": 0.20380000000022847,
          "p95Ms": 0.35459999999966385,
          "opsPerSec": 3530.643336175915
        }
      },
      "postgres": {
        "set": {
          "n": 3000,
          "meanMs": 0.905272733333329,
          "medianMs": 0.8703000000004977,
          "minMs": 0.792899999999463,
          "p95Ms": 1.1286000000000058,
          "opsPerSec": 1104.639478445212
        },
        "get": {
          "n": 3000,
          "meanMs": 0.39245086666665946,
          "medianMs": 0.3852999999999156,
          "minMs": 0.34350000000085856,
          "p95Ms": 0.44870000000082655,
          "opsPerSec": 2548.0896716922825
        },
        "findKeys": {
          "n": 200,
          "meanMs": 1.2236340000000654,
          "medianMs": 1.1445999999996275,
          "minMs": 1.0773000000008324,
          "p95Ms": 1.6697999999996682,
          "opsPerSec": 817.2378341889377
        },
        "doBulk": {
          "n": 200,
          "meanMs": 9.022675500000114,
          "medianMs": 9.005699999999706,
          "minMs": 8.307699999999386,
          "p95Ms": 9.763500000000931,
          "opsPerSec": 110.83187021410527
        },
        "remove": {
          "n": 3000,
          "meanMs": 0.9012249999999992,
          "medianMs": 0.8639000000002852,
          "minMs": 0.7890000000006694,
          "p95Ms": 1.1265999999995984,
          "opsPerSec": 1109.6008211046087
        }
      },
      "mongodb": {
        "set": {
          "n": 3000,
          "meanMs": 0.44898566666667467,
          "medianMs": 0.4327999999986787,
          "minMs": 0.3734999999996944,
          "p95Ms": 0.5450000000000728,
          "opsPerSec": 2227.2425920054957
        },
        "get": {
          "n": 3000,
          "meanMs": 0.4246544666666899,
          "medianMs": 0.40940000000045984,
          "minMs": 0.36719999999695574,
          "p95Ms": 0.5070000000014261,
          "opsPerSec": 2354.8557203447413
        },
        "findKeys": {
          "n": 200,
          "meanMs": 8.279794999999995,
          "medianMs": 8.164600000000064,
          "minMs": 7.683400000001711,
          "p95Ms": 9.428200000002107,
          "opsPerSec": 120.77593708539894
        },
        "doBulk": {
          "n": 200,
          "meanMs": 3.388977499999983,
          "medianMs": 3.3369999999995343,
          "minMs": 3.1022999999986496,
          "p95Ms": 3.7206999999980326,
          "opsPerSec": 295.07425174702547
        },
        "remove": {
          "n": 3000,
          "meanMs": 0.3981906666666679,
          "medianMs": 0.3842000000004191,
          "minMs": 0.35599999999976717,
          "p95Ms": 0.47140000000217697,
          "opsPerSec": 2511.3597171204337
        }
      }
    }
  },
  "after": {
    "label": "after",
    "commit": "e7547ff",
    "node": "v26.1.0",
    "targets": {
      "cache": {
        "set": {
          "n": 100000,
          "meanMs": 0.004001480000000044,
          "medianMs": 0.0027999999999792635,
          "minMs": 0.0019999999999527063,
          "p95Ms": 0.008600000000001273,
          "opsPerSec": 249907.53421233868
        },
        "getHit": {
          "n": 100000,
          "meanMs": 0.0028486089999999534,
          "medianMs": 0.0027000000000043656,
          "minMs": 0.002199999999902502,
          "p95Ms": 0.003400000000056025,
          "opsPerSec": 351048.5292997447
        },
        "getMiss": {
          "n": 100000,
          "meanMs": 0.0011373489999998584,
          "medianMs": 0.0009999999999763531,
          "minMs": 0.0004999999998744897,
          "p95Ms": 0.0016000000000531145,
          "opsPerSec": 879237.5954963028
        },
        "remove": {
          "n": 100000,
          "meanMs": 0.03246284800000001,
          "medianMs": 0.027700000000095315,
          "minMs": 0.001299999999901047,
          "p95Ms": 0.07780000000002474,
          "opsPerSec": 30804.44451454166
        },
        "flush": {
          "n": 200,
          "meanMs": 0.5250724999999966,
          "medianMs": 0.4712999999992462,
          "minMs": 0.39830000000074506,
          "p95Ms": 0.8125,
          "opsPerSec": 1904.4989025325197
        },
        "flushBigCache": {
          "n": 200,
          "meanMs": 0.01523650000001453,
          "medianMs": 0.014000000000123691,
          "minMs": 0.01269999999931315,
          "p95Ms": 0.0239000000001397,
          "opsPerSec": 65631.8708364156
        }
      },
      "postgres": {
        "set": {
          "n": 3000,
          "meanMs": 0.869525499999987,
          "medianMs": 0.826799999999821,
          "minMs": 0.7458000000005995,
          "p95Ms": 1.1912999999995009,
          "opsPerSec": 1150.0525286492632
        },
        "get": {
          "n": 3000,
          "meanMs": 0.32431173333332297,
          "medianMs": 0.3118000000013126,
          "minMs": 0.27269999999953143,
          "p95Ms": 0.3896999999997206,
          "opsPerSec": 3083.453039832556
        },
        "findKeys": {
          "n": 200,
          "meanMs": 1.272729999999965,
          "medianMs": 1.1409999999996217,
          "minMs": 1.0712000000003172,
          "p95Ms": 1.7309000000004744,
          "opsPerSec": 785.7126020444458
        },
        "doBulk": {
          "n": 200,
          "meanMs": 2.5927709999999298,
          "medianMs": 2.51050000000032,
          "minMs": 2.364800000001196,
          "p95Ms": 2.8628000000007887,
          "opsPerSec": 385.68774488762296
        },
        "remove": {
          "n": 3000,
          "meanMs": 0.8845590333333293,
          "medianMs": 0.8197000000000116,
          "minMs": 0.738100000000486,
          "p95Ms": 1.2777999999998428,
          "opsPerSec": 1130.5067975301192
        }
      },
      "mongodb": {
        "set": {
          "n": 3000,
          "meanMs": 0.452896199999995,
          "medianMs": 0.4337999999988824,
          "minMs": 0.38429999999971187,
          "p95Ms": 0.5402999999987514,
          "opsPerSec": 2208.011460462709
        },
        "get": {
          "n": 3000,
          "meanMs": 0.4310754666666647,
          "medianMs": 0.4153999999998632,
          "minMs": 0.34659999999894353,
          "p95Ms": 0.5136999999995169,
          "opsPerSec": 2319.7794291858054
        },
        "findKeys": {
          "n": 200,
          "meanMs": 8.088904499999881,
          "medianMs": 7.910400000000664,
          "minMs": 7.481899999998859,
          "p95Ms": 9.115999999998166,